project_id,project_name,department_id,start_date,end_date
e863ec29-7df8-4fcc-a041-4384f6223cef,Redefine Transparent Methodologies,a57b4ecd-aa90-4ed5-be9e-a1307e47bbff,2024-07-26,2024-12-25
8132e2d5-b4ae-4a9e-902f-8ea807ac7543,Facilitate End-To-End E-Services,bf96aed0-a978-4450-840e-f31527404327,2024-01-15,2024-11-12
030bdacb-9f9a-4681-9a66-7a4e6e95a2f3,Incubate Back-End Solutions,a57b4ecd-aa90-4ed5-be9e-a1307e47bbff,2024-07-04,2025-03-13
134e866f-a417-49bc-8ee4-82811ecbbaca,Mesh Front-End Methodologies,471ec0f9-78d6-4ef9-97af-b55c21d23416,2024-08-06,2025-02-09
4ea73494-57f8-4629-8c31-fc82e5bb03c2,Extend Open-Source Methodologies,9134852e-5e1c-456e-8775-ef2cfc71418a,2023-10-30,2024-08-23
f06f0855-3bcc-44ab-80dd-75f8534cca58,Monetize Strategic Platforms,471ec0f9-78d6-4ef9-97af-b55c21d23416,2023-08-05,2023-12-27
1b33abff-ea87-41e6-bd3b-b9b02116c51b,Syndicate Turn-Key Eyeballs,471ec0f9-78d6-4ef9-97af-b55c21d23416,2024-05-29,2025-01-26
bc724ea2-389c-4113-a639-ce13f6c99459,Disintermediate Front-End Experiences,a57b4ecd-aa90-4ed5-be9e-a1307e47bbff,2024-06-18,2024-11-14
80d6d7f6-2b29-445f-a9f7-d08a4eec3ffb,Transform Scalable Systems,d094c790-a01e-49a9-9d57-2668360f17e8,2024-05-18,2024-12-12
2479e396-28ff-4752-8e73-50ce6d4ee03b,Grow Robust Solutions,a57b4ecd-aa90-4ed5-be9e-a1307e47bbff,2023-06-19,2024-03-10
62ac01c3-2056-46f0-9dce-e0dd70bbc7fb,Generate Synergistic Channels,bf96aed0-a978-4450-840e-f31527404327,2023-06-06,2023-09-10
6b4fe602-28b0-4bf9-b322-b53da7d6691a,Matrix Open-Source Deliverables,d094c790-a01e-49a9-9d57-2668360f17e8,2023-12-03,2024-09-16
fa8e6241-8ca4-43bf-945c-85906f5cf73e,Integrate Plug-And-Play Content,d094c790-a01e-49a9-9d57-2668360f17e8,2024-03-26,2024-10-03
5fd015e7-f5ff-4915-8af8-66d42fbf99ff,Enable Proactive E-Business,471ec0f9-78d6-4ef9-97af-b55c21d23416,2023-07-26,2024-05-19
3ee177df-aec5-4d5a-9333-534a646e9dd6,Incentivize Collaborative E-Services,bf96aed0-a978-4450-840e-f31527404327,2024-05-31,2025-04-27
fd971159-69ac-4ae8-afac-0fe3f2d1613a,Syndicate Mission-Critical Bandwidth,d094c790-a01e-49a9-9d57-2668360f17e8,2025-02-08,2025-05-23
01b9ab79-a124-42de-b22a-02d20fde61db,Grow Granular Info-Mediaries,a57b4ecd-aa90-4ed5-be9e-a1307e47bbff,2024-04-21,2025-03-11
1f167794-db74-4c56-bd04-21ae948a1486,Mesh Wireless Applications,bf96aed0-a978-4450-840e-f31527404327,2025-01-23,2025-12-02
3e7a362f-ba69-45cb-ad87-7241e6b40f3f,Transition Granular Platforms,a57b4ecd-aa90-4ed5-be9e-a1307e47bbff,2023-08-24,2024-03-11
cd919244-ecae-45f8-86a5-433c6842aef2,Envisioneer Proactive Platforms,a57b4ecd-aa90-4ed5-be9e-a1307e47bbff,2024-08-25,2025-01-13
